"text","sentiment","topic"
"Вуз даёт возможности, но не гарантирует комфорт и качество без личной инициативы.","NEUTRAL","OTHER"
"В университете легко найти активное сообщество и попробовать себя в разных проектах.","POSITIVE","STUDENT_LIFE"
"После нескольких семестров осталось ощущение, что система больше проверяет выносливость, чем обучает.","NEGATIVE","EDUCATION"
"Кампус удобный и современный, в нём приятно проводить время между занятиями.","POSITIVE","INFRASTRUCTURE"
"Многие обещания при поступлении оказались преувеличенными.","NEGATIVE","OTHER"
"На моём направлении много практики, поэтому знания не остаются только в конспектах, а сразу применяются в заданиях.","POSITIVE","EDUCATION"
"Деканат работает организованно: на вопросы отвечают, сроки объясняют, документы не теряются.","POSITIVE","ADMINISTRATION"
"Сотрудники вежливо отвечают на вопросы и помогают найти нужную информацию.","POSITIVE","ADMINISTRATION"
"Качество обучения неодинаковое по предметам, поэтому общий результат сильно зависит от направления.","NEUTRAL","EDUCATION"
"В целом университет разочаровал: красивая внешняя картинка не совпала с реальным опытом обучения.","NEGATIVE","OTHER"
"Административная поддержка помогла легче адаптироваться в первые месяцы учёбы.","POSITIVE","ADMINISTRATION"
"Критерии оценивания иногда понятны, иногда приходится уточнять их уже в процессе семестра.","NEUTRAL","TEACHERS"
"Университет нельзя назвать ни плохим, ни идеальным, потому что опыт сильно зависит от направления.","NEUTRAL","OTHER"
"Уровень преподавания средний и заметно зависит от кафедры.","NEUTRAL","TEACHERS"
"Общежитие выполняет свою функцию, хотя некоторые зоны требуют обновления.","NEUTRAL","DORMITORY"
"Перед поступлением лучше внимательно изучить направление, отзывы и реальные условия обучения.","NEUTRAL","OTHER"
"Из-за ошибок администрации у студентов возникают проблемы с заселением, расписанием и зачётами.","NEGATIVE","ADMINISTRATION"
"Преподаватели в основном требуют дисциплины и самостоятельности, но поддержка зависит от человека.","NEUTRAL","TEACHERS"
"Некоторые зоны кампуса действительно комфортные, а некоторые выглядят недоработанными.","NEUTRAL","INFRASTRUCTURE"
"Не все преподаватели уважительно общаются со студентами, особенно когда возникают вопросы.","NEGATIVE","TEACHERS"
"Студенческая жизнь есть, но многое зависит от того, сколько у студента свободного времени.","NEUTRAL","STUDENT_LIFE"
"Оформление документов прошло нормально, хотя некоторые этапы были не совсем понятны.","NEUTRAL","ADMINISTRATION"
"Бюрократия есть, но в большинстве случаев документы всё же оформляются без серьёзных проблем.","NEUTRAL","ADMINISTRATION"
"Можно найти клубы и сообщества, но для этого нужно самому проявлять инициативу.","NEUTRAL","STUDENT_LIFE"
"Преподаватели хорошо объясняют материал, отвечают на вопросы и стараются помочь студентам разобраться в сложных темах.","POSITIVE","TEACHERS"
"Общежитие стало одним из плюсов университета, потому что жить рядом с кампусом удобно.","POSITIVE","DORMITORY"
"Учебный процесс в общем понятный, но часть дисциплин кажется слишком общей и не всегда связанной со специальностью.","NEUTRAL","EDUCATION"
"Условия проживания мешают нормально отдыхать и готовиться к занятиям.","NEGATIVE","DORMITORY"
"Здесь есть как плюсы, так и минусы, поэтому решение о поступлении лучше принимать после общения со студентами.","NEUTRAL","OTHER"
"В аудиториях есть необходимое оборудование, поэтому занятия проходят комфортно.","POSITIVE","INFRASTRUCTURE"
"Меня разочаровало, что обратной связи почти нет, а ошибки в работах часто не объясняются.","NEGATIVE","TEACHERS"
"На территории удобно находиться, но транспортная доступность иногда создаёт сложности.","NEUTRAL","INFRASTRUCTURE"
"Некоторые дисциплины интересные, некоторые проходят довольно сухо, поэтому впечатление от обучения смешанное.","NEUTRAL","EDUCATION"
"Для студенческого проживания условия хорошие, особенно если соблюдать порядок и договариваться с соседями.","POSITIVE","DORMITORY"
"Студенческие объединения дают полезный опыт командной работы и коммуникации.","POSITIVE","STUDENT_LIFE"
"Комнаты переполнены, общие кухни неудобные, а уровень чистоты зависит только от жильцов.","NEGATIVE","DORMITORY"
"Жить можно, если спокойно относиться к общим кухням, шуму и бытовым ограничениям.","NEUTRAL","DORMITORY"
"Общее впечатление негативное: слишком много проблем, которые мешают нормально учиться.","NEGATIVE","OTHER"
"Административные вопросы решаются понятно, а информация обычно доступна заранее.","POSITIVE","ADMINISTRATION"
"Итоговое мнение нейтральное: я получил опыт, но ожидал более стабильной системы.","NEUTRAL","OTHER"
"Общежитие выполняет свою функцию, но требует терпения и умения договариваться.","NEUTRAL","DORMITORY"
"Учиться непросто, но нагрузка оправдана: после каждого семестра чувствуется реальный прогресс.","POSITIVE","EDUCATION"
"Администрация работает по-разному: простые вопросы решаются быстро, а нестандартные требуют времени.","NEUTRAL","ADMINISTRATION"
"Некоторые занятия проходят впустую, потому что преподаватель не умеет организовать работу группы.","NEGATIVE","TEACHERS"
"Впечатление от вуза неоднозначное: есть сильные стороны, но есть и заметные проблемы.","NEUTRAL","OTHER"
"Большинство преподавателей ведут занятия нормально, но не все умеют понятно объяснять материал.","NEUTRAL","TEACHERS"
"Проблемы с организацией, качеством обучения и отношением испортили общий опыт.","NEGATIVE","OTHER"
"Есть сильные специалисты, но встречаются и пары, на которых студентам приходится разбираться самим.","NEUTRAL","TEACHERS"
"На территории есть места для отдыха, самостоятельной работы и общения с одногруппниками.","POSITIVE","INFRASTRUCTURE"
"Общее впечатление зависит от того, что именно человек ждёт от университета.","NEUTRAL","OTHER"
"Мне нравится, что в учебном процессе есть проекты, где можно применить знания на практике.","POSITIVE","EDUCATION"
"Атмосфера среди студентов разная: в одной группе может быть дружно, в другой каждый сам по себе.","NEUTRAL","STUDENT_LIFE"
"Условия проживания средние: есть всё необходимое, но хватает и бытовых мелочей.","NEUTRAL","DORMITORY"
"Если бы можно было выбрать заново, я бы подал документы в другой вуз.","NEGATIVE","OTHER"
"Территория большая, поэтому иногда приходится закладывать много времени на перемещения.","NEUTRAL","INFRASTRUCTURE"
"Обучение разочаровало: ожидал системной подготовки, а получил набор разрозненных дисциплин.","NEGATIVE","EDUCATION"
"На моём направлении есть сильные преподаватели, которые дают не только теорию, но и примеры из реальной практики.","POSITIVE","TEACHERS"
"Внешний вид кампуса хороший, однако организация пространства местами спорная.","NEUTRAL","INFRASTRUCTURE"
"Сотрудники администрации в целом помогают, но скорость решения вопросов зависит от загруженности.","NEUTRAL","ADMINISTRATION"
"На занятиях часто разбирают реальные примеры, поэтому обучение кажется полезным и связанным с будущей профессией.","POSITIVE","EDUCATION"
"Качество образования оказалось ниже ожиданий, потому что практических навыков дают слишком мало.","NEGATIVE","EDUCATION"
"Социальная жизнь в целом нормальная, если самому искать клубы, сообщества и события.","NEUTRAL","STUDENT_LIFE"
"Инфраструктура создаёт ощущение полноценной вузской среды.","POSITIVE","INFRASTRUCTURE"
"Учебный процесс в целом понятный, но часть дисциплин кажется слишком общей и не всегда связанной со специальностью.","NEUTRAL","EDUCATION"
"Многие активности проводятся формально и не решают настоящих проблем обучающихся.","NEGATIVE","STUDENT_LIFE"
"Условия проживания хорошие, комнаты чистые, а бытовые вопросы решаются без серьёзных проблем.","POSITIVE","DORMITORY"
"Образование даёт не только диплом, но и реальные навыки, которые пригодятся после выпуска.","POSITIVE","EDUCATION"
"С преподавателями можно договориться, если заранее уточнять требования и сроки.","NEUTRAL","TEACHERS"
"Приёмная комиссия оставила хорошее впечатление: всё объяснили и быстро приняли документы.","POSITIVE","ADMINISTRATION"
"Приёмная комиссия сработала хорошо: документы приняли быстро, консультации были понятными.","POSITIVE","ADMINISTRATION"
"Внешне университет производит хорошее впечатление, хотя бытовые мелочи не всегда продуманы.","NEUTRAL","INFRASTRUCTURE"
"Оформление документов заняло намного больше времени, чем должно было.","NEGATIVE","ADMINISTRATION"
"Административные процессы организованы плохо: простые вопросы превращаются в долгую цепочку согласований.","NEGATIVE","ADMINISTRATION"
"Понравилось, что преподаватели дают обратную связь и объясняют, как улучшить работу.","POSITIVE","TEACHERS"
"Иногда возникают очереди на кухне или в прачечной, но в целом к этому можно привыкнуть.","NEUTRAL","DORMITORY"
"У университета есть недостатки, но для меня положительных сторон оказалось больше.","POSITIVE","OTHER"
"Административные процессы создают ощущение постоянного бардака.","NEGATIVE","ADMINISTRATION"
"На территории легко найти место, где можно спокойно подготовиться к паре.","POSITIVE","INFRASTRUCTURE"
"В общежитии постоянно возникают бытовые сложности, которые мешают нормально учиться и отдыхать.","NEGATIVE","DORMITORY"
"В целом администрация справляется, но системе не хватает прозрачности.","NEUTRAL","ADMINISTRATION"
"Здесь можно учиться, если понимать ограничения системы и быть готовым к самостоятельности.","NEUTRAL","OTHER"
"Нагрузка распределена неравномерно: в одни недели почти ничего нет, а перед сессией всё наваливается сразу.","NEGATIVE","EDUCATION"
"Если бы я выбирал снова, то поступил бы в другой вуз.","NEGATIVE","OTHER"
"Обучение даёт базу, однако для уверенности в профессии нужны дополнительные материалы.","NEUTRAL","EDUCATION"
"Иногда ответы приходят не сразу, поэтому студентам нужно самим следить за сроками.","NEUTRAL","ADMINISTRATION"
"Студенческая жизнь насыщенная: проходят конференции, клубы, мероприятия и встречи, где можно найти друзей и единомышленников.","POSITIVE","STUDENT_LIFE"
"Инфраструктура создаёт ощущение полноценной университетской среды.","POSITIVE","INFRASTRUCTURE"
"Деканат часто не даёт понятных ответов, из-за чего простые вопросы превращаются в долгую переписку.","NEGATIVE","ADMINISTRATION"
"Атмосфера зависит от группы: где-то дружно, а где-то студенты почти не общаются.","NEUTRAL","STUDENT_LIFE"
"Я пожалел о выборе этого вуза, потому что столкнулся с большим количеством нерешаемых проблем.","NEGATIVE","OTHER"
"Студенческая жизнь неплохая, но и не стала главным впечатлением от университета.","NEUTRAL","STUDENT_LIFE"
"Некоторые преподаватели не объясняют материал, но требуют от студентов идеального выполнения заданий.","NEGATIVE","TEACHERS"
"Из-за расписания, дороги и учебной нагрузки на нормальную студенческую жизнь почти не остаётся сил.","NEGATIVE","STUDENT_LIFE"
"Большинство преподавателей выполняют свою работу, но не все умеют заинтересовать студентов.","NEUTRAL","TEACHERS"
"Регулярные мероприятия делают обучение более живым и интересным.","POSITIVE","STUDENT_LIFE"
"Бюрократии слишком много, а ответственности за ошибки почти никто не берёт.","NEGATIVE","ADMINISTRATION"
"Практические занятия хорошо дополняют лекции, поэтому обучение выглядит осмысленным.","POSITIVE","EDUCATION"
"Внеучебная жизнь присутствует, но для меня она не стала главным преимуществом университета.","NEUTRAL","STUDENT_LIFE"
"Корпуса выглядят современно, навигация понятная, а учебные пространства достаточно удобные.","POSITIVE","INFRASTRUCTURE"
"Я не рекомендовал бы поступать сюда без тщательной проверки конкретного направления.","NEGATIVE","OTHER"
"Университет часто показывает красивую картинку, но повседневная жизнь студентов намного сложнее.","NEGATIVE","STUDENT_LIFE"
"Внеучебная жизнь существует в основном для рекламы, а реальные проблемы студентов остаются нерешёнными.","NEGATIVE","STUDENT_LIFE"
"Мне понравилось, что сотрудники деканата общаются вежливо и не создают лишних сложностей.","POSITIVE","ADMINISTRATION"
"Общежитие оказалось удобным вариантом для иногороднего студента: рядом учёба, соседи и всё необходимое.","POSITIVE","DORMITORY"
"Заселение прошло нормально, но некоторые вопросы пришлось решать самостоятельно.","NEUTRAL","DORMITORY"
"В университете можно найти активности, однако при высокой учебной нагрузке на них часто не хватает сил.","NEUTRAL","STUDENT_LIFE"
"Студенческая жизнь насыщенная: есть клубы, мероприятия, конференции и возможности для новых знакомств.","POSITIVE","STUDENT_LIFE"
"Университет оказался не таким, как я ожидал, но и полностью плохим его назвать нельзя.","NEUTRAL","OTHER"
"Качество преподавания среднее: есть сильные специалисты, но есть и слабые занятия.","NEUTRAL","TEACHERS"
"Часть учебных пространств требует ремонта и обновления оборудования.","NEGATIVE","INFRASTRUCTURE"
"Коммуникация с администрацией оставила неприятное впечатление: ответы формальные и неполные.","NEGATIVE","ADMINISTRATION"
"Активная студенческая среда мотивирует участвовать в новых инициативах.","POSITIVE","STUDENT_LIFE"
"Помимо учёбы, здесь есть много событий, которые помогают почувствовать себя частью университета.","POSITIVE","STUDENT_LIFE"
"Оценки иногда выставляются непрозрачно, без понятных комментариев и объяснений.","NEGATIVE","TEACHERS"
"Некоторые дисциплины дублируют друг друга, а важных современных тем почти нет.","NEGATIVE","EDUCATION"
"Многие обещания при выборе вуза оказались преувеличенными.","NEGATIVE","OTHER"
"Учебная программа хорошо выстроена: сначала дают базовую теорию, затем постепенно переходят к практическим заданиям и проектам.","POSITIVE","EDUCATION"
"Система управления не идеальна, но к её особенностям можно привыкнуть.","NEUTRAL","ADMINISTRATION"
"Благодаря хорошим преподавателям некоторые предметы стали намного интереснее, чем ожидалось.","POSITIVE","TEACHERS"
"Есть преподаватели, которые помогают, а есть те, у кого проще учиться самостоятельно по дополнительным материалам.","NEUTRAL","TEACHERS"
"Из-за слабой подачи материала многие студенты вынуждены искать репетиторов или учиться полностью самостоятельно.","NEGATIVE","TEACHERS"
"Заселение организовано плохо, студентам дают мало информации и заставляют долго ждать.","NEGATIVE","DORMITORY"
"Если понимать особенности университета заранее, здесь можно нормально учиться и развиваться.","POSITIVE","OTHER"
"Реклама университета обещала больше, чем реально оказалось внутри.","NEGATIVE","OTHER"
"Общежитие оказалось удобным вариантом для иногороднего студента: рядом обучение, соседи и всё необходимое.","POSITIVE","DORMITORY"
"Проблемы с интернетом и аудиторным фондом регулярно мешают учебному процессу.","NEGATIVE","INFRASTRUCTURE"
"Есть полезные предметы, но есть и такие, которые проходят скорее формально.","NEUTRAL","EDUCATION"
"Обучение зависит от конкретного преподавателя: на одних парах материал понятен, на других приходится разбираться самостоятельно.","NEUTRAL","EDUCATION"
"Информацию обычно можно получить, но иногда приходится уточнять её у нескольких сотрудников.","NEUTRAL","ADMINISTRATION"
"В общежитии можно комфортно жить, если соблюдать правила и уважать соседей.","POSITIVE","DORMITORY"
"Жить в общежитии можно, если не ожидать уровня гостиницы и быть готовым к бытовым неудобствам.","NEUTRAL","DORMITORY"
"Современные корпуса стали одним из главных плюсов моего опыта обучения.","POSITIVE","INFRASTRUCTURE"
"Столовые, библиотеки и зоны отдыха есть, но в часы пик ими не всегда удобно пользоваться.","NEUTRAL","INFRASTRUCTURE"
"Впечатление от университета неоднозначное: есть сильные стороны, но есть и заметные проблемы.","NEUTRAL","OTHER"
"Аудитории в основном нормальные, хотя в некоторых помещениях не хватает розеток и мест.","NEUTRAL","INFRASTRUCTURE"
"Многие предметы не связаны со специальностью и отнимают время, которое можно было бы потратить на профессиональные навыки.","NEGATIVE","EDUCATION"
"Красивая территория не компенсирует неудобства, с которыми студенты сталкиваются каждый день.","NEGATIVE","INFRASTRUCTURE"
"Общее впечатление хорошее, потому что я получил больше, чем ожидал при поступлении.","POSITIVE","OTHER"
"Инфраструктура университета приятно удивила: есть библиотеки, зоны для работы, столовые и удобные пространства для отдыха.","POSITIVE","INFRASTRUCTURE"
"Многие активности проводятся формально и не создают настоящей студенческой среды.","NEGATIVE","STUDENT_LIFE"
"Из-за условий проживания хочется как можно быстрее съехать на квартиру.","NEGATIVE","DORMITORY"
"Свободного времени мало, а постоянный стресс мешает участвовать во внеучебных активностях.","NEGATIVE","STUDENT_LIFE"
"Студенческая жизнь стала одним из самых приятных впечатлений от университета.","POSITIVE","STUDENT_LIFE"
"Мой отзыв скорее нейтральный: я получил определённый опыт, но ожидания были немного другими.","NEUTRAL","OTHER"
"Иногда информацию дают вовремя, иногда приходится уточнять одно и то же у разных сотрудников.","NEUTRAL","ADMINISTRATION"
"В университете регулярно проходят события, благодаря которым учёба не ограничивается только парами.","POSITIVE","STUDENT_LIFE"
"Многие преподаватели относятся к студентам уважительно и готовы дополнительно объяснить материал после пары.","POSITIVE","TEACHERS"
"Инфраструктура не справляется с количеством студентов, особенно в столовых и общественных пространствах.","NEGATIVE","INFRASTRUCTURE"
"Атмосфера дружелюбная, особенно если самому участвовать в мероприятиях и не сидеть в стороне.","POSITIVE","STUDENT_LIFE"
"Мероприятия есть, но для многих студентов они недоступны из-за учёбы, дороги и усталости.","NEGATIVE","STUDENT_LIFE"
"В целом университет оставил положительное впечатление: есть трудности, но плюсов для меня оказалось больше.","POSITIVE","OTHER"
"Некоторые преподаватели не объясняют материал, но требуют от обучающихся идеального выполнения заданий.","NEGATIVE","TEACHERS"
"В общежитии есть нормальные кухни, прачечные и места, где можно спокойно заниматься.","POSITIVE","DORMITORY"
"На парах часто приходится сидеть без пользы, потому что преподаватель не умеет организовать занятие.","NEGATIVE","TEACHERS"
"Условия приемлемые, однако иногда возникают проблемы с очередями, шумом и общими зонами.","NEUTRAL","DORMITORY"
"На многих занятиях материал объясняется поверхностно, поэтому приходится искать информацию самостоятельно.","NEGATIVE","EDUCATION"
"Учебный процесс организован хаотично, из-за чего сложно нормально готовиться к занятиям и экзаменам.","NEGATIVE","EDUCATION"
"Если активно участвовать, можно найти интересные проекты, но никто специально вовлекать не будет.","NEUTRAL","STUDENT_LIFE"
"Я пожалел, что выбрал этот вуз, потому что ожидал качественной организации и поддержки студентов.","NEGATIVE","OTHER"
"Административный бардак сильно портит впечатление от вуза.","NEGATIVE","ADMINISTRATION"
"Условия проживания разочаровали: комнаты требуют ремонта, в общих зонах часто беспорядок.","NEGATIVE","DORMITORY"
"Общежитие находится удобно, рядом есть нужная инфраструктура, поэтому студенту жить комфортно.","POSITIVE","DORMITORY"
"Несмотря на красивый кампус, многие бытовые вопросы решены плохо: очереди, неудобные маршруты и нехватка мест.","NEGATIVE","INFRASTRUCTURE"
"Заселение прошло организованно, сотрудники объяснили правила и помогли решить бытовые вопросы.","POSITIVE","DORMITORY"
"Заселение прошло быстро и организованно, сотрудники помогли разобраться с правилами.","POSITIVE","DORMITORY"
"В целом образовательный процесс стандартный и не сильно отличается от ожиданий.","NEUTRAL","EDUCATION"
"В аудиториях бывает тесно и неудобно, особенно на потоковых занятиях.","NEGATIVE","INFRASTRUCTURE"
"Университет делает сильный акцент на имидже, но повседневные трудности студентов решаются плохо.","NEGATIVE","OTHER"
"Материальная база есть, но её качество зависит от конкретного корпуса и направления.","NEUTRAL","INFRASTRUCTURE"
"Отношение к студентам зависит от личной симпатии, что сильно снижает доверие к оцениванию.","NEGATIVE","TEACHERS"
"Некоторые преподаватели плохо объясняют материал и требуют знания тем, которые фактически не были разобраны на занятиях.","NEGATIVE","TEACHERS"
"У нас есть преподаватели, которые умеют сделать даже сложную тему понятной и интересной.","POSITIVE","TEACHERS"
"Несмотря на сложности, я считаю этот период важным и полезным этапом своей жизни.","POSITIVE","OTHER"
"Некоторые преподаватели создают лишний стресс и ведут себя так, будто студент заранее во всём виноват.","NEGATIVE","TEACHERS"
"Заселение прошло без серьёзных проблем, хотя информации хотелось бы больше.","NEUTRAL","DORMITORY"
"Общежитие удобно расположено, поэтому не приходится тратить много времени на дорогу.","POSITIVE","DORMITORY"
"Мероприятия выглядят красиво в отчётах, но обычному студенту они не всегда доступны или полезны.","NEGATIVE","STUDENT_LIFE"
"Учебная программа выглядит устаревшей: много теории, мало практики и мало связи с реальными задачами профессии.","NEGATIVE","EDUCATION"
"Для одних студентов этот университет подойдёт, для других может стать разочарованием.","NEUTRAL","OTHER"
"Общежитие требует ремонта и более ответственного управления.","NEGATIVE","DORMITORY"
"Из-за большой нагрузки и плохого расписания на студенческую жизнь почти не остаётся времени.","NEGATIVE","STUDENT_LIFE"
"За время обучения я нашёл друзей и стал участвовать в проектах, которые помогли раскрыться.","POSITIVE","STUDENT_LIFE"
"Приём документов прошёл нормально, хотя некоторые этапы были не очень понятны.","NEUTRAL","ADMINISTRATION"
"При решении проблем администрация часто перекладывает ответственность на студентов.","NEGATIVE","ADMINISTRATION"
"Деканат работает по расписанию, но не всегда получается быстро получить нужный ответ.","NEUTRAL","ADMINISTRATION"
"Инфраструктура выглядит красиво только снаружи, но внутри часто не хватает мест, оборудования и нормальной организации пространства.","NEGATIVE","INFRASTRUCTURE"
"Часть предметов действительно связана со специальностью, а часть воспринимается как формальность.","NEUTRAL","EDUCATION"
"Преподаватели заинтересованы в результате студентов, поэтому занятия проходят живо и полезно.","POSITIVE","TEACHERS"
"В общежитии есть нормальные кухни, прачечные и места для самостоятельной подготовки.","POSITIVE","DORMITORY"
"В общежитии есть плюсы и минусы, поэтому впечатление получилось смешанным.","NEUTRAL","DORMITORY"
"Обучение оказалось сложным, но полезным: многие дисциплины действительно помогают разобраться в профессии.","POSITIVE","EDUCATION"
"Мой опыт нельзя назвать полностью негативным, но и восторга он не вызвал.","NEUTRAL","OTHER"
"Для меня университет стал местом, где появились новые планы и полезные связи.","POSITIVE","OTHER"
"На парах чувствуется опыт преподавателей, особенно когда они объясняют материал через практические ситуации.","POSITIVE","TEACHERS"
"Отношение преподавателей в целом нормальное, но многое зависит от конкретного предмета и кафедры.","NEUTRAL","TEACHERS"
"В учебных корпусах есть всё необходимое, но некоторые помещения требуют обновления.","NEUTRAL","INFRASTRUCTURE"
"Некоторые мероприятия полезные, некоторые проходят скорее формально.","NEUTRAL","STUDENT_LIFE"
"Проблемы с насекомыми, кухнями и санузлами делают жизнь крайне неприятной.","NEGATIVE","DORMITORY"
"Инфраструктура кажется рассчитанной на рекламу, а не на реальный поток студентов.","NEGATIVE","INFRASTRUCTURE"
"Для меня обучение здесь стало источником разочарования и постоянного стресса.","NEGATIVE","OTHER"
"Некоторые мероприятия проходят живо, другие выглядят формальными.","NEUTRAL","STUDENT_LIFE"
"Общежитие нормальное для студенческой жизни, но особого комфорта ожидать не стоит.","NEUTRAL","DORMITORY"
"Кому-то здесь будет интересно, а кому-то хватит только занятий и общения с группой.","NEUTRAL","STUDENT_LIFE"
"Заселение организовано плохо, информации мало, а студентам приходится самим разбираться с проблемами.","NEGATIVE","DORMITORY"
"При возникновении проблемы студентов отправляют из одного кабинета в другой.","NEGATIVE","ADMINISTRATION"
"В учебных корпусах есть всё необходимое, но комфорт зависит от конкретного здания.","NEUTRAL","INFRASTRUCTURE"
"На отдельных предметах преподаватель просто читает слайды, не отвечая на вопросы по сути.","NEGATIVE","TEACHERS"
"Большинство организационных вопросов решались без конфликтов и лишней бюрократии.","POSITIVE","ADMINISTRATION"
"Университет подойдёт тем, кто готов быть самостоятельным и использовать доступные возможности.","POSITIVE","OTHER"
"Интернет и техника в аудиториях работают нестабильно, что мешает занятиям.","NEGATIVE","INFRASTRUCTURE"
"Учебная программа в целом обычная: есть полезные предметы, но встречаются и дисциплины, которые кажутся лишними.","NEUTRAL","EDUCATION"
"Внеучебная жизнь стала важной частью моего университетского опыта.","POSITIVE","STUDENT_LIFE"
"Программа неплохая, но местами ей не хватает большей практической направленности.","NEUTRAL","EDUCATION"
"Отношение части преподавателей к студентам неприятное: вопросы воспринимаются как раздражение, а не как часть обучения.","NEGATIVE","TEACHERS"
"Преподаватели разные: с кем-то легко работать, а к чьему-то стилю приходится долго привыкать.","NEUTRAL","TEACHERS"
"Деканат работает спокойно и организованно, поэтому большинство вопросов решается без лишнего стресса.","POSITIVE","ADMINISTRATION"
"Мне нравится атмосфера среди обучающихся: люди открытые, активные и готовы помогать.","POSITIVE","STUDENT_LIFE"
"Организация учебного процесса слабая: расписание меняется внезапно, а предупреждают об этом слишком поздно.","NEGATIVE","ADMINISTRATION"
"Для меня этот вуз стал хорошим этапом, который помог определиться с будущей профессией.","POSITIVE","OTHER"
"Кампус создаёт ощущение настоящей студенческой среды, где удобно учиться и проводить время.","POSITIVE","INFRASTRUCTURE"
"Деканат часто отвечает поздно, а важная информация появляется в последний момент.","NEGATIVE","ADMINISTRATION"
"Проблемы с транспортом и расстояниями между корпусами сильно утомляют.","NEGATIVE","INFRASTRUCTURE"
"Учебные дисциплины подобраны удачно: есть фундаментальные предметы и достаточно практических заданий по специальности.","POSITIVE","EDUCATION"
"Программа устарела и плохо соответствует тому, что требуется специалистам на рынке труда.","NEGATIVE","EDUCATION"
"Инфраструктура неплохая, однако в часы пик столовые и переходы становятся слишком загруженными.","NEUTRAL","INFRASTRUCTURE"
"Расписание и важные объявления обычно появляются вовремя, что помогает планировать учебу.","POSITIVE","ADMINISTRATION"
"Техническое оснащение не всегда работает, из-за чего занятия иногда проходят с задержками.","NEGATIVE","INFRASTRUCTURE"
"Условия проживания меня устраивают: есть всё необходимое для обучения и нормального быта.","POSITIVE","DORMITORY"
"На территории приятно находиться, много света, простора и мест, где можно спокойно подготовиться к занятиям.","POSITIVE","INFRASTRUCTURE"
"Инфраструктура вуза приятно удивила: есть библиотеки, зоны для работы, столовые и удобные пространства для отдыха.","POSITIVE","INFRASTRUCTURE"
"Я не жалею, что поступил сюда, потому что получил опыт, знания и возможность лучше понять свои цели.","POSITIVE","OTHER"
"На одних предметах преподаватели вовлечены, на других занятия проходят довольно формально.","NEUTRAL","TEACHERS"
"Мероприятий достаточно, однако не все они кажутся интересными или полезными.","NEUTRAL","STUDENT_LIFE"
"Порядок поддерживается неравномерно: где-то чисто, а где-то многое зависит от самих жильцов.","NEUTRAL","DORMITORY"
"Некоторые помещения требуют ремонта, а оборудование выглядит устаревшим.","NEGATIVE","INFRASTRUCTURE"
"Университет больше заботится о внешнем образе, чем о реальных потребностях студентов.","NEGATIVE","OTHER"
"Организационные вопросы решаются, если самому проявлять настойчивость и следить за сроками.","NEUTRAL","ADMINISTRATION"
"Нагрузка умеренная, хотя иногда задания распределяются не очень равномерно.","NEUTRAL","EDUCATION"
"В университете есть возможность получать не только теорию, но и практический опыт через проекты и лабораторные работы.","POSITIVE","EDUCATION"
"Иногда возникают очереди на кухне или в прачечной, но в общем к этому можно привыкнуть.","NEUTRAL","DORMITORY"
"Кампус выглядит красиво на фотографиях, но в повседневной учёбе возникает много неудобств.","NEGATIVE","INFRASTRUCTURE"
"Когда возникла проблема, администрация пошла навстречу и помогла её закрыть.","POSITIVE","ADMINISTRATION"
"Несмотря на красивый внешний вид, инфраструктура часто не справляется с количеством студентов.","NEGATIVE","INFRASTRUCTURE"
"Мне понравилось, что преподаватели связывают теорию с реальными задачами, поэтому материал легче запоминается.","POSITIVE","TEACHERS"
"Университет показывает активную жизнь снаружи, но многие студенты чувствуют усталость и одиночество.","NEGATIVE","STUDENT_LIFE"
"На моём направлении много сильных преподавателей, которые умеют поддержать и направить.","POSITIVE","TEACHERS"
"Из-за ошибок в документах и расписании студентам приходится тратить много лишнего времени.","NEGATIVE","ADMINISTRATION"
"Некоторые преподаватели действительно вдохновляют учиться и показывают, зачем нужна их дисциплина.","POSITIVE","TEACHERS"
"Программа плохо обновляется, поэтому часть знаний уже не соответствует современным требованиям рынка.","NEGATIVE","EDUCATION"
"Преподаватели часто приводят примеры из практики, поэтому занятия проходят живо.","POSITIVE","TEACHERS"
"У вуза есть недостатки, но для меня положительных сторон оказалось больше.","POSITIVE","OTHER"
"Общежитие выглядит лучше на фотографиях, чем в реальности.","NEGATIVE","DORMITORY"
"Общее впечатление смешанное: некоторые ожидания оправдались, другие нет.","NEUTRAL","OTHER"
"В общежитии не хватает чистоты и контроля за соблюдением правил.","NEGATIVE","DORMITORY"
"Инфраструктура производит хорошее первое впечатление, но в быту есть мелкие неудобства.","NEUTRAL","INFRASTRUCTURE"
"В столовых большие очереди, а свободных мест для самостоятельной работы часто не хватает.","NEGATIVE","INFRASTRUCTURE"
"На сложных дисциплинах преподавательский состав помогают разобраться, если студент проявляет инициативу.","POSITIVE","TEACHERS"
"Мне нравится атмосфера среди студентов: люди открытые, активные и готовы помогать.","POSITIVE","STUDENT_LIFE"
"Для меня вуз стал местом, где появились новые планы и полезные связи.","POSITIVE","OTHER"
"Атмосфера в группе оказалась тяжёлой, поэтому университет не дал ощущения дружного сообщества.","NEGATIVE","STUDENT_LIFE"
"Я ожидал более дружной и активной среды, но в реальности каждый занят только выживанием в учебном процессе.","NEGATIVE","STUDENT_LIFE"
"Инфраструктура в целом нормальная: корпуса красивые, но иногда возникают проблемы с навигацией и расстояниями между зданиями.","NEUTRAL","INFRASTRUCTURE"
"Несмотря на отдельные сложности, обучение дало мне полезный опыт и новые знакомства.","POSITIVE","OTHER"
"Серьёзных проблем с преподавателями не было, но и особого вовлечения со стороны всех преподавателей я не заметил.","NEUTRAL","TEACHERS"
"Информация от администрации бывает неполной, поэтому студентам приходится уточнять детали в чатах.","NEUTRAL","ADMINISTRATION"
"Учебный процесс нельзя назвать плохим, но многое зависит от личной самостоятельности студента.","NEUTRAL","EDUCATION"
"Я ожидал больше общения и возможностей, но на практике всё свелось к парам и дедлайнам.","NEGATIVE","STUDENT_LIFE"
"Условия проживания меня устраивают: есть всё необходимое для учёбы и нормального быта.","POSITIVE","DORMITORY"
"На отдельных предметах оценки выставляются непрозрачно, поэтому непонятно, за что именно снижают баллы.","NEGATIVE","TEACHERS"
"Студенческая жизнь есть, но участие в ней зависит от желания и свободного времени самого студента.","NEUTRAL","STUDENT_LIFE"
"На моём направлении программа выстроена логично, без резких скачков от простого к сложному.","POSITIVE","EDUCATION"
"Практических навыков дают недостаточно, поэтому диплом не гарантирует готовность к работе.","NEGATIVE","EDUCATION"
"Из-за шума и бытовых проблем сложно восстановиться после учебного дня.","NEGATIVE","DORMITORY"
"Для иногородних студентов общежитие становится отдельным источником стресса.","NEGATIVE","DORMITORY"
"Образовательный процесс организован стандартно: лекции, практики, зачёты и сессии без особых отличий.","NEUTRAL","EDUCATION"
"Отношение преподавателей в целом доброжелательное, конфликты решаются спокойно и без давления.","POSITIVE","TEACHERS"
"Внеучебная жизнь больше выглядит как реклама университета, чем реальная поддержка студентов.","NEGATIVE","STUDENT_LIFE"
"Университет предлагает возможности, но не всегда хорошо рассказывает о них студентам.","NEUTRAL","STUDENT_LIFE"
"Критерии оценивания обычно понятны, а требования объясняются заранее.","POSITIVE","TEACHERS"
"Я не жалею о поступлении, потому что смог развиться и найти своё направление.","POSITIVE","OTHER"
"Этот опыт оказался тяжёлым и скорее отбил желание продолжать обучение именно здесь.","NEGATIVE","OTHER"
"На практике кампус оказался менее удобным, чем кажется на рекламных фотографиях.","NEGATIVE","INFRASTRUCTURE"
"Помимо занятий, есть много мероприятий, которые помогают почувствовать себя частью студенческого сообщества.","POSITIVE","STUDENT_LIFE"
"Кампус выглядит ухоженно, и это делает повседневную учёбу комфортнее.","POSITIVE","INFRASTRUCTURE"
"Для экономии времени и денег общежитие подходит, но уровень комфорта средний.","NEUTRAL","DORMITORY"
"Обучение идёт в обычном режиме: лекции, практики, самостоятельная работа и сессии.","NEUTRAL","EDUCATION"
"В аудиториях бывает холодно, душно или тесно, что мешает нормально заниматься.","NEGATIVE","INFRASTRUCTURE"
"Мне нравится, что программа включает современные дисциплины и даёт возможность выбрать интересную траекторию обучения.","POSITIVE","EDUCATION"
"В большинстве аудиторий есть проекторы, доски и другое нужное оборудование.","POSITIVE","INFRASTRUCTURE"
"Оценивание в целом понятное, но по отдельным дисциплинам критерии бывают размытыми.","NEUTRAL","TEACHERS"
"Студенческая жизнь разочаровала: мероприятий много на бумаге, но пользы от них мало.","NEGATIVE","STUDENT_LIFE"
"Качество проживания зависит от корпуса, соседей и того, насколько жильцы поддерживают порядок.","NEUTRAL","DORMITORY"
"Активности и мероприятия помогают отвлечься от учёбы и почувствовать, что университет — это не только лекции.","POSITIVE","STUDENT_LIFE"
"Требования часто меняются по ходу семестра, и студентам приходится подстраиваться в последний момент.","NEGATIVE","TEACHERS"
"Студенческая жизнь неплохая, но и не стала главным впечатлением от вуза.","NEUTRAL","STUDENT_LIFE"
"Условия проживания средние, есть плюсы в расположении, но бытовые проблемы тоже встречаются.","NEUTRAL","DORMITORY"
"Администрация моего направления старается поддерживать студентов и вовремя сообщать важные новости.","POSITIVE","ADMINISTRATION"
"Коммуникация со стороны университета стала приятным плюсом.","POSITIVE","ADMINISTRATION"
"Материальная база есть, но её качество неодинаково на разных направлениях.","NEUTRAL","INFRASTRUCTURE"
"Я не жалею о выборе вуза, потому что смог развиться и найти своё направление.","POSITIVE","OTHER"
"Учебная программа перегружена лишними предметами, а действительно важных практических занятий слишком мало.","NEGATIVE","EDUCATION"
"В некоторых дисциплинах требования высокие, но объяснений и поддержки почти нет.","NEGATIVE","EDUCATION"
"Университет не идеальный, но при активной позиции здесь можно найти возможности для развития.","POSITIVE","OTHER"
"Учёба требует усилий, зато после каждого семестра чувствуется, что знания становятся глубже.","POSITIVE","EDUCATION"
"В университете есть понятные каналы связи, через которые можно уточнить расписание, документы и учебные вопросы.","POSITIVE","ADMINISTRATION"
"Образовательная программа даёт хорошую базу и помогает понять, в какой области хочется развиваться дальше.","POSITIVE","EDUCATION"
"Обучение разочаровало: много отчётов и формальностей, но мало реального понимания профессии.","NEGATIVE","EDUCATION"
"В университете есть отдельные плюсы, но для меня они не перекрыли общий негативный опыт.","NEGATIVE","OTHER"
"Мне понравилось, что преподавательский состав связывают теорию с реальными задачами, поэтому материал легче запоминается.","POSITIVE","EDUCATION"
"Я бы рекомендовал этот университет тем, кто понимает его особенности и готов активно учиться.","POSITIVE","OTHER"
"В комнате достаточно места для учёбы и отдыха, если поддерживать порядок.","POSITIVE","DORMITORY"
"Общежитие стало одним из главных разочарований: грязь, шум и постоянные бытовые проблемы.","NEGATIVE","DORMITORY"
"Организация учебного процесса средняя: что-то работает хорошо, что-то требует доработки.","NEUTRAL","ADMINISTRATION"
"Из-за постоянного стресса, дедлайнов и организационных проблем сложно получать удовольствие от студенческой жизни.","NEGATIVE","STUDENT_LIFE"
"Некоторые помещения плохо оборудованы, из-за чего практические занятия проходят неэффективно.","NEGATIVE","INFRASTRUCTURE"
"Сотрудники помогают, если обращаться спокойно и заранее.","NEUTRAL","ADMINISTRATION"
"Свободного времени почти нет, поэтому внеучебные возможности остаются только в рекламных буклетах.","NEGATIVE","STUDENT_LIFE"
"Некоторые корпуса удобные, а некоторые требуют обновления или лучшей навигации.","NEUTRAL","INFRASTRUCTURE"
"Моё общее впечатление скорее положительное: многое зависит от направления, преподавателей и самого студента.","POSITIVE","OTHER"
"В целом я доволен выбором вуза, потому что получил полезный опыт и новые возможности.","POSITIVE","OTHER"
"Атмосфера среди обучающихся разная: в одной группе может быть дружно, в другой каждый сам по себе.","NEUTRAL","STUDENT_LIFE"
"Учебный процесс организован хаотично, из-за чего сложно планировать время и нормально готовиться.","NEGATIVE","EDUCATION"
"В общежитии поддерживается порядок, а возникающие бытовые проблемы обычно решаются быстро.","POSITIVE","DORMITORY"
"Студентам приходится самим искать информацию, потому что официальные каналы работают плохо.","NEGATIVE","ADMINISTRATION"
"Здесь можно развиваться не только как специалист, но и как личность.","POSITIVE","STUDENT_LIFE"
"Мне нравится, что рядом с корпусами есть столовые, зоны ожидания и пространства для учёбы.","POSITIVE","INFRASTRUCTURE"
"Преподаватели разные: одни объясняют отлично, другие читают материал формально и почти не взаимодействуют со студентами.","NEUTRAL","TEACHERS"
"Администрация быстро помогла оформить документы и спокойно объяснила порядок дальнейших действий.","POSITIVE","ADMINISTRATION"
"В целом я доволен выбором университета, потому что получил полезный опыт и новые возможности.","POSITIVE","OTHER"
"В вузе есть отдельные плюсы, но для меня они не перекрыли общий негативный опыт.","NEGATIVE","OTHER"
"Атмосфера в группе оказалась напряжённой, поэтому учёба не дала ощущения нормальной студенческой среды.","NEGATIVE","STUDENT_LIFE"
"Большие расстояния между корпусами и проблемы с транспортом сильно усложняют учебный день.","NEGATIVE","INFRASTRUCTURE"
"Учебные корпуса хорошо оборудованы, а аудитории подходят для лекций и практических занятий.","POSITIVE","INFRASTRUCTURE"
"В общежитии есть необходимый минимум, однако комфорт сильно зависит от конкретного корпуса.","NEUTRAL","DORMITORY"
"Администрация работает хаотично: документы теряются, сроки меняются, а студентам приходится постоянно всё уточнять.","NEGATIVE","ADMINISTRATION"
"Не хватает продуманной навигации, особенно для первокурсников и гостей.","NEGATIVE","INFRASTRUCTURE"
"Не все преподавательский состав уважительно общаются со студентами, особенно когда возникают вопросы.","NEGATIVE","TEACHERS"
"Внеучебная жизнь присутствует, но для меня она не стала главным преимуществом вуза.","NEUTRAL","STUDENT_LIFE"
"Я не могу однозначно рекомендовать или не рекомендовать вуз, потому что опыт зависит от направления.","NEUTRAL","OTHER"
"Студенческая жизнь разочаровала, потому что времени и энергии на неё почти не остаётся.","NEGATIVE","STUDENT_LIFE"
"Административный бардак сильно портит впечатление от университета.","NEGATIVE","ADMINISTRATION"
"Учиться можно, но для хорошего результата приходится много заниматься самостоятельно.","NEUTRAL","EDUCATION"
"На сложных дисциплинах преподаватели помогают разобраться, если студент проявляет инициативу.","POSITIVE","TEACHERS"
"Многие активности проводятся формально и не решают настоящих проблем студентов.","NEGATIVE","STUDENT_LIFE"
"Мне нравится, что в университете есть места для самостоятельной работы и командных проектов.","POSITIVE","INFRASTRUCTURE"
"Оформление справок и заявлений проходит достаточно быстро, если заранее подготовить документы.","POSITIVE","ADMINISTRATION"
"Понравилось, что преподаватели открыты к диалогу и заранее объясняют критерии оценивания.","POSITIVE","TEACHERS"
"Коммуникация со стороны университета плохо организована, важные объявления появляются в последний момент.","NEGATIVE","ADMINISTRATION"
"Проблемы с тараканами, грязью и шумом делают проживание крайне неприятным.","NEGATIVE","DORMITORY"
"На нашем направлении много проектной работы, поэтому теория быстро превращается в реальный навык.","POSITIVE","EDUCATION"
"Мне понравилось, что после базовых курсов сразу дали задачи, похожие на будущую работу.","POSITIVE","EDUCATION"
"Программа не идеальна, но несколько профильных модулей действительно помогли собрать портфолио.","POSITIVE","EDUCATION"
"Часть дисциплин оказалась полезной, а часть выглядела как обязательный фон без явной ценности.","NEUTRAL","EDUCATION"
"По содержанию курсов всё средне: без провалов, но и без ощущения сильной академической школы.","NEUTRAL","EDUCATION"
"Если сравнивать семестры между собой, качество программы заметно плавает от блока к блоку.","NEUTRAL","EDUCATION"
"На бумаге программа звучит современно, а по факту многие темы проходят поверхностно и без практики.","NEGATIVE","EDUCATION"
"Сложно воспринимать учебный план всерьёз, когда половина заданий никак не связана со специальностью.","NEGATIVE","EDUCATION"
"Некоторые ключевые курсы построены так слабо, что базовые вещи приходится добирать на стороне.","NEGATIVE","EDUCATION"
"Есть преподаватели, после чьих пар действительно хочется глубже разбираться в теме.","POSITIVE","TEACHERS"
"Сильнее всего запомнилось, что преподаватели отвечали не формально, а реально пытались помочь.","POSITIVE","TEACHERS"
"Даже на строгих курсах было ощущение, что к студенту относятся как к взрослому человеку.","POSITIVE","TEACHERS"
"Состав преподавателей неоднородный: рядом с отличными парами встречаются вполне проходные занятия.","NEUTRAL","TEACHERS"
"Общаться с преподавателями можно, но качество контакта слишком зависит от конкретного человека.","NEUTRAL","TEACHERS"
"Требования обычно можно понять, если заранее задавать вопросы и не ждать, что всё разжуют.","NEUTRAL","TEACHERS"
"Часть преподавателей будто читает материал для галочки и раздражается на любые уточнения.","NEGATIVE","TEACHERS"
"Больше всего мешало то, что некоторые преподаватели оценивают жёстко, но почти не объясняют логику.","NEGATIVE","TEACHERS"
"Есть пары, после которых остаётся только усталость, потому что преподаватель не умеет удерживать внимание группы.","NEGATIVE","TEACHERS"
"Кампус производит хорошее впечатление: удобно перемещаться, есть где посидеть и спокойно поработать.","POSITIVE","INFRASTRUCTURE"
"Мне зашли библиотеки и тихие зоны, где можно между парами доделать задания без суеты.","POSITIVE","INFRASTRUCTURE"
"Для повседневной учёбы инфраструктура в целом удобная: аудитории, столовые и сервисы расположены логично.","POSITIVE","INFRASTRUCTURE"
"Снаружи всё выглядит современно, но внутри многое зависит от конкретного корпуса и времени суток.","NEUTRAL","INFRASTRUCTURE"
"По инфраструктуре впечатление смешанное: одни пространства сделаны продуманно, другие уже просятся на обновление.","NEUTRAL","INFRASTRUCTURE"
"Пользоваться кампусом можно нормально, хотя иногда расстояния и очереди заметно съедают время.","NEUTRAL","INFRASTRUCTURE"
"Неудобнее всего оказались переходы между корпусами: на расписании это выглядит проще, чем в реальности.","NEGATIVE","INFRASTRUCTURE"
"Когда в аудитории душно, тесно и техника барахлит, сосредоточиться на занятии уже сложно.","NEGATIVE","INFRASTRUCTURE"
"Инфраструктура часто кажется красивой только на фото, а в будни вылезают очереди, нехватка мест и бытовой хаос.","NEGATIVE","INFRASTRUCTURE"
"Для общежития условия оказались вполне достойными: без роскоши, но жить и учиться можно спокойно.","POSITIVE","DORMITORY"
"Порадовало, что рядом всё необходимое и не приходится тратить полдня на дорогу до корпусов.","POSITIVE","DORMITORY"
"После историй знакомых ожидал худшего, а по факту общежитие оказалось удобным и довольно живым местом.","POSITIVE","DORMITORY"
"Жить в общежитии можно, если сразу принять бытовые ограничения и не ждать особого комфорта.","NEUTRAL","DORMITORY"
"По проживанию всё скорее терпимо: бывают неудобства, но ничего совсем критичного не происходило.","NEUTRAL","DORMITORY"
"Опыт с общежитием вышел обычным студенческим: шумно местами, тесно иногда, но в целом предсказуемо.","NEUTRAL","DORMITORY"
"Главная проблема общежития в том, что мелкие бытовые вопросы копятся и никто не решает их нормально.","NEGATIVE","DORMITORY"
"Сложнее всего было привыкнуть к шуму ночью и ощущению, что личного пространства почти нет.","NEGATIVE","DORMITORY"
"Если честно, условия проживания выматывают: ремонт уставший, кухни перегружены, жалобы двигаются медленно.","NEGATIVE","DORMITORY"
"Приятно удивило, что даже сложные справки получилось оформить без бесконечных походов по кабинетам.","POSITIVE","ADMINISTRATION"
"Когда возник спорный вопрос, администрация не отмахнулась, а быстро довела ситуацию до решения.","POSITIVE","ADMINISTRATION"
"По организационной части всё оказалось лучше ожиданий: сотрудники объясняют по делу и не тянут сроки.","POSITIVE","ADMINISTRATION"
"Администрация не всегда работает быстро, но при настойчивом запросе нужный результат обычно получаешь.","NEUTRAL","ADMINISTRATION"
"Система местами громоздкая, однако в стандартных ситуациях она всё-таки работает без серьёзных сбоев.","NEUTRAL","ADMINISTRATION"
"По документам и объявлениям всё не идеально, но общий уровень организации я бы назвал рабочим.","NEUTRAL","ADMINISTRATION"
"Больше всего раздражает, что один и тот же вопрос приходится объяснять разным сотрудникам заново.","NEGATIVE","ADMINISTRATION"
"Административные процессы будто специально устроены так, чтобы студент тратил время на лишние согласования.","NEGATIVE","ADMINISTRATION"
"Когда важная информация приходит с опозданием, любое взаимодействие с администрацией превращается в стресс.","NEGATIVE","ADMINISTRATION"
"Если не замыкаться только в учёбе, здесь реально можно собрать вокруг себя сильное окружение.","POSITIVE","STUDENT_LIFE"
"Мне понравилось, что студенческие инициативы не выглядят мёртвыми: в них правда есть энергия и люди.","POSITIVE","STUDENT_LIFE"
"За пределами пар у вуза есть жизнь, и именно она для меня стала одной из причин не жалеть о поступлении.","POSITIVE","STUDENT_LIFE"
"Возможности для студенческой активности есть, но далеко не всем хватает на них времени и ресурса.","NEUTRAL","STUDENT_LIFE"
"По внеучебной части всё зависит от круга общения: кто-то живёт очень активно, кто-то почти этого не замечает.","NEUTRAL","STUDENT_LIFE"
"Студенческая среда присутствует, просто она не настолько яркая, как это обычно показывают в рекламе.","NEUTRAL","STUDENT_LIFE"
"Мероприятий вроде много, но часто они ощущаются как формальный отчёт, а не как что-то нужное студентам.","NEGATIVE","STUDENT_LIFE"
"Из-за нагрузки и дороги вся студенческая жизнь быстро сжимается до сообщений в чатах и редких встреч.","NEGATIVE","STUDENT_LIFE"
"Снаружи всё выглядит активно, а внутри многие чувствуют усталость и отсутствие нормального сообщества.","NEGATIVE","STUDENT_LIFE"
"В целом мой опыт скорее удачный: минусы были, но ценного я получил заметно больше.","POSITIVE","OTHER"
"Я остался здесь не из-за красивых обещаний, а потому что в итоге нашёл для себя рабочую траекторию.","POSITIVE","OTHER"
"Если смотреть на весь путь целиком, вуз дал мне хорошую точку старта и полезные знакомства.","POSITIVE","OTHER"
"Университет не оказался ни катастрофой, ни мечтой, просто довольно обычным местом со своими перекосами.","NEUTRAL","OTHER"
"Моё отношение к вузу спокойное: без восторга, но и без желания перечеркнуть весь опыт.","NEUTRAL","OTHER"
"Итоговое впечатление смешанное, потому что сильные и слабые стороны здесь довольно равномерно распределены.","NEUTRAL","OTHER"
"Если бы я заранее лучше понимал внутреннюю кухню вуза, ожидания были бы намного ниже и честнее.","NEGATIVE","OTHER"
"Общий опыт получился тяжелее, чем я рассчитывал, и повторно я бы этот выбор уже не сделал.","NEGATIVE","OTHER"
"Для меня главный минус вуза в том, что обещанный масштаб не превращается в сопоставимое качество каждый день.","NEGATIVE","OTHER"
"Кампус выглядит впечатляюще, но за красивой картинкой скрывается слабый учебный процесс по моему направлению.","NEGATIVE","EDUCATION"
"На программной инженерии от первокурсников ждут готовых навыков, вместо того чтобы нормально вводить в специальность.","NEGATIVE","EDUCATION"
"Учебный план перегружен общими дисциплинами, а профильным предметам почему-то достаётся слишком мало времени.","NEGATIVE","EDUCATION"
"На техническом направлении учиться тяжело, но если самому добирать практику, база всё-таки набирается.","NEUTRAL","EDUCATION"
"Материал по ключевым предметам дают неровно: один модуль полезный, следующий уже приходится вытягивать самостоятельно.","NEUTRAL","EDUCATION"
"Несмотря на сложность программы, несколько профильных курсов реально дали полезные навыки для работы.","POSITIVE","EDUCATION"
"На нашем направлении были преподаватели, которые не просто читали слайды, а разбирали реальные рабочие ситуации.","POSITIVE","TEACHERS"
"Хорошие преподаватели здесь есть, но на фоне общего состава они слишком заметны именно потому, что их мало.","NEUTRAL","TEACHERS"
"Часть преподавателей ведёт себя так, будто студент обязан всё знать заранее и не имеет права на вопрос.","NEGATIVE","TEACHERS"
"Больше всего раздражало предвзятое оценивание: критерии плавают, а замечания объясняют через раз.","NEGATIVE","TEACHERS"
"Когда преподаватель заинтересован в группе, даже сложные темы становятся понятнее и спокойнее воспринимаются.","POSITIVE","TEACHERS"
"Кампус и корпуса производят сильное впечатление, но ежедневная логистика между зданиями утомляет.","NEUTRAL","INFRASTRUCTURE"
"На фотографиях всё выглядит идеально, а в реальности к длинным переходам и очередям быстро привыкаешь.","NEUTRAL","INFRASTRUCTURE"
"Красивый кампус не спасает, когда в аудиториях душно, техника ломается, а до нужного корпуса ещё надо добежать.","NEGATIVE","INFRASTRUCTURE"
"Территория большая и ухоженная, есть где погулять и спокойно поработать между занятиями.","POSITIVE","INFRASTRUCTURE"
"Набережная и корпуса создают ощущение современного университета, хотя бытовые мелочи всё равно вылезают.","POSITIVE","INFRASTRUCTURE"
"Общежитие выглядит прилично, но получить там место и спокойно заселиться оказывается отдельным квестом.","NEGATIVE","DORMITORY"
"В общаге жить можно, если повезёт с корпусом и соседями, иначе бытовые мелочи быстро становятся проблемой.","NEUTRAL","DORMITORY"
"Комнаты нормальные, свой санузел сильно упрощает жизнь, а до учебных корпусов обычно идти недалеко.","POSITIVE","DORMITORY"
"Холод в общежитии, шум по ночам и вечные ограничения на бытовую технику очень выматывают.","NEGATIVE","DORMITORY"
"Если сравнивать с ожиданиями, общежитие оказалось лучше, чем я думал, хотя до комфорта там далеко.","NEUTRAL","DORMITORY"
"Самая большая боль в администрации — это поздние объявления и ощущение, что студент всё должен выяснять сам.","NEGATIVE","ADMINISTRATION"
"Чтобы решить простой вопрос, приходится писать, ходить и напоминать несколько раз разным людям.","NEGATIVE","ADMINISTRATION"
"По стандартным справкам и документам всё работает терпимо, но нестандартные ситуации двигаются очень медленно.","NEUTRAL","ADMINISTRATION"
"Когда сотрудники действительно включаются, организационные вопросы закрываются спокойно и без лишней нервотрёпки.","POSITIVE","ADMINISTRATION"
"РАУ, баллы и заселение превращаются в постоянный стресс, потому что правила вроде есть, а предсказуемости нет.","NEGATIVE","ADMINISTRATION"
"Студенческих активностей много на афишах, но после учёбы и дороги сил на них часто уже не остаётся.","NEGATIVE","STUDENT_LIFE"
"Если попасть в хорошее окружение, внеучебная жизнь становится важной частью опыта, а не просто формальностью.","POSITIVE","STUDENT_LIFE"
"Мероприятия есть, но ощущение настоящего сообщества возникает далеко не у всех и не сразу.","NEUTRAL","STUDENT_LIFE"
"Вся яркая студенческая жизнь быстро тускнеет, когда большую часть дня съедают пары, автобусы и усталость.","NEGATIVE","STUDENT_LIFE"
"Из-за удалённости кампуса любые планы после учёбы приходится подстраивать под дорогу и транспорт.","NEGATIVE","OTHER"
"Университет даёт сильное первое впечатление, но реальный опыт оказывается гораздо сложнее и противоречивее.","NEUTRAL","OTHER"
"Если смотреть без иллюзий, вуз может дать нормальный старт, но ждать от него чуда точно не стоит.","NEUTRAL","OTHER"
"Мне в итоге зашли и люди, и возможности, так что общий опыт получился скорее удачным, чем разочаровывающим.","POSITIVE","OTHER"
"Слишком многое в этом вузе держится на внешнем эффекте, а не на стабильном качестве повседневной жизни.","NEGATIVE","OTHER"
